CustomerID,CC_Limit,CC_SpendVolume,DBR_Internal,MO_Disbursed,AL_Disbursed,PL_Disbursed,SL_Disbursed,MO_Balance,AL_Balance,PL_Balance,SL_Balance,MO_Count,AL_Count,PL_Count,SL_Count,Total_FD_Count,Total_FD_Balance,Total_CASA_Count,Total_AVG_CASA_BALANCE,TOTAL_Products
CUST0001,24991,20744,0.22,41347,106719,41910,37265,29661,42879,35863,17188,2,2,2,0,3,49725,2,24608,2
CUST0002,15775,20389,0.88,3121,123099,73531,40701,144491,57265,16704,8325,2,2,1,1,0,86134,2,28898,4
CUST0003,17265,4552,0.71,83793,12720,25186,6727,14457,72361,18705,20800,1,0,1,0,4,59940,2,2919,1
CUST0004,24459,17402,0.87,28164,57608,94781,44924,67600,77990,555,10629,1,0,0,1,2,62085,1,18302,3
CUST0005,21673,3242,0.45,25491,107449,22813,32427,103619,89787,21323,25009,0,0,1,0,1,17862,2,14473,9
CUST0006,32056,15665,0.32,59222,102828,78812,16692,76102,86184,70968,5141,0,2,0,1,0,10265,1,21599,7
CUST0007,11614,23702,0.74,154237,126613,85525,31625,33085,40736,66922,21352,2,2,1,1,4,9705,2,17965,7
CUST0008,41020,6097,0.36,3748,72095,78282,24918,97064,24530,53915,3671,1,2,0,1,3,55279,1,15235,1
CUST0009,12415,9640,0.34,26553,105924,18557,41395,137202,78052,10619,28312,2,0,0,1,2,62471,1,16710,7
CUST0010,28155,2948,0.29,116547,96452,28060,41136,105723,47058,72390,7292,0,2,1,1,1,91080,2,15434,7
CUST0011,48884,26521,0.2,60380,87593,58866,49290,133114,74094,59274,15438,0,1,1,0,0,79834,1,14478,4
CUST0012,21964,6618,0.31,44331,106975,72104,49345,70134,74255,73173,23385,2,0,2,1,3,62979,1,4881,7
CUST0013,42726,5236,0.38,120617,77242,84577,15577,42982,4886,21225,12231,0,2,2,1,1,55828,1,27262,8
CUST0014,42044,24285,0.64,39560,116041,6080,19619,65185,93721,26739,18482,1,0,2,1,4,98206,1,21293,3
CUST0015,42544,2920,0.15,53865,126202,13854,46240,33477,37387,47708,14511,2,1,1,1,4,46104,2,2999,2
CUST0016,37252,12169,0.27,177758,77606,67695,33710,114161,21575,53019,11109,1,1,1,0,3,40934,2,15849,7
CUST0017,8832,5188,0.75,75910,123769,27025,37388,52709,39643,76154,8444,1,0,0,1,4,6050,2,11903,5
CUST0018,30275,13207,0.22,135747,118542,52982,16195,78137,10100,7373,21445,0,0,2,0,2,43952,2,17784,5
CUST0019,19901,1238,0.37,197778,106438,41081,27689,36018,60356,35281,15605,1,1,0,1,3,86570,2,15700,5
CUST0020,43213,1204,0.79,77986,924,4368,11154,139133,7856,20187,13026,2,0,0,1,4,8484,1,21032,7
CUST0021,39148,11799,0.22,10068,51322,99621,39121,139681,38169,67863,9321,1,1,0,0,0,62648,1,6445,9
CUST0022,47633,6552,0.17,54460,71042,27094,29412,35371,28804,39220,19648,1,1,0,0,4,59945,1,3628,8
CUST0023,27918,29916,0.49,100766,46418,46040,21341,83021,35790,7642,5435,1,2,2,0,2,53678,1,19040,6
CUST0024,24540,5927,0.34,46418,100699,66766,32018,7857,30988,79971,8493,1,0,0,1,1,31323,2,18004,7
CUST0025,16580,28964,0.55,26206,90140,83053,9145,142692,76448,55556,6691,1,0,1,0,1,86332,2,1246,9
CUST0026,43402,12164,0.74,128180,11781,23991,42262,8177,38506,33760,26553,0,2,1,1,4,94605,1,6212,6
CUST0027,43578,5390,0.21,287,136587,1301,46330,88578,87904,38192,2763,2,1,1,0,1,87363,2,4339,1
CUST0028,29917,20071,0.56,22337,117358,28610,22223,89941,67306,4381,20389,0,0,2,0,4,35361,1,24142,4
CUST0029,27318,22335,0.5,151738,36133,81463,2880,11826,12305,19558,3241,2,2,0,1,2,10315,1,24470,8
CUST0030,15179,16641,0.22,132233,97628,34678,21271,144962,9969,30782,3057,2,2,2,0,1,47968,2,20394,7
CUST0031,17251,7160,0.6,100667,76946,24466,33313,82428,12404,4782,16934,2,0,0,0,0,26519,2,22103,3
CUST0032,24493,29742,0.32,90071,85058,80440,46900,126044,8989,54712,5574,2,2,2,1,4,9107,2,3368,3
CUST0033,25466,22772,0.49,98064,140167,40875,13304,75020,65305,19462,5411,2,1,2,1,1,55781,2,13186,3
CUST0034,35206,26924,0.17,169823,43129,26081,34695,5495,35983,60030,1587,1,2,0,1,2,3869,2,2839,1
CUST0035,24624,29976,0.47,106511,8531,24354,30225,28481,39462,68519,10014,0,1,2,0,2,80983,2,20287,1
CUST0036,31564,16810,0.35,145830,37038,93297,20536,142339,19360,56411,5920,0,1,0,0,0,27370,2,7205,6
CUST0037,27412,6126,0.76,196852,87939,18300,30831,117897,85657,55206,21644,1,0,1,0,2,62695,1,5395,1
CUST0038,32990,1816,0.15,3178,42674,64384,49156,137815,26287,46950,27793,2,2,1,0,2,60422,2,16290,5
CUST0039,40517,14414,0.43,31831,127572,95027,11673,103475,65472,2523,11688,0,1,1,0,1,7971,1,23151,4
CUST0040,18156,26396,0.47,133248,29831,60892,21917,57042,61313,60926,4409,1,1,2,1,4,96805,1,4691,5
CUST0041,28064,1192,0.68,103306,57174,35525,27829,49476,34160,9677,28855,1,2,1,0,3,25651,2,8470,7
CUST0042,30711,19160,0.56,164726,11279,26532,15372,28552,6789,75828,5783,0,1,0,1,2,56974,1,4841,6
CUST0043,35106,4645,0.63,157699,60610,6464,25938,69093,27181,15089,712,0,2,1,0,2,23446,2,5348,9
CUST0044,21589,13816,0.72,183622,53051,16562,2663,69123,14385,4581,26751,2,0,1,1,3,38108,1,24005,6
CUST0045,28736,7314,0.79,112025,56652,55514,47801,16535,82597,11907,5406,2,1,2,0,2,75179,1,18776,9
CUST0046,25975,25826,0.35,175982,65524,74219,9465,66490,65641,5609,24374,0,1,0,0,1,3823,1,29326,4
CUST0047,41218,19172,0.53,90417,6470,32634,3326,46562,44247,51153,23804,2,2,2,1,1,13454,2,7060,1
CUST0048,12214,8374,0.77,189323,53473,60,3659,119042,86673,50539,28648,1,2,2,0,3,3932,1,21639,1
CUST0049,35581,4700,0.89,166494,44439,9269,27594,89080,5544,44143,12041,2,2,0,1,2,10220,1,28584,7
CUST0050,25195,11655,0.81,11984,14308,63143,4763,41269,13275,22936,23227,2,2,2,0,2,74090,1,16525,3
CUST0051,49582,16129,0.4,89312,91563,23065,23121,80674,63248,50182,2433,1,1,0,0,4,67965,2,5300,2
CUST0052,32127,10359,0.26,192458,35081,2895,10828,42462,34550,13163,3301,2,0,1,1,2,28208,1,4338,6
CUST0053,10141,4893,0.49,83291,9837,80859,47588,134199,53693,59758,16654,1,0,0,0,1,72980,2,6487,6
CUST0054,33884,7811,0.69,7135,118128,12352,11221,23147,19641,46057,26370,2,0,0,1,0,10510,1,4514,7
CUST0055,29885,10288,0.49,320,112651,49737,11211,77095,71749,12537,29482,0,0,0,0,0,44045,1,18143,5
CUST0056,7708,20063,0.49,152756,97624,96426,13569,90925,80021,22419,27038,2,2,2,0,0,10537,1,28344,8
CUST0057,23375,27423,0.77,186985,30063,32016,31358,66381,15605,42578,28869,0,1,0,0,0,72683,2,12280,7
CUST0058,20088,21288,0.39,88774,69453,61304,37860,99468,50713,74991,11586,0,1,0,0,2,69134,1,11307,2
CUST0059,49602,24644,0.79,152961,102166,11962,6022,63749,20390,74599,17463,0,1,0,0,2,72254,1,29804,1
CUST0060,15014,1504,0.43,98071,14506,33302,45337,13731,75403,834,27454,0,2,1,0,4,13782,1,10915,9
CUST0061,8273,10813,0.36,179971,113604,85382,13515,124647,58466,32214,5322,0,1,0,0,2,65587,1,12158,5
CUST0062,42306,15671,0.46,141842,26026,4011,6159,51024,3981,2413,13932,1,2,2,1,0,82238,2,9621,5
CUST0063,35881,28048,0.71,170393,52413,19782,45991,116712,9493,9505,29299,1,1,0,0,3,75720,1,11547,4
CUST0064,36486,11738,0.2,109863,65066,67691,41213,101121,71218,2105,25179,1,0,0,0,3,78004,1,24177,2
CUST0065,17541,26963,0.26,41777,50971,39725,21691,3832,71318,68104,5257,0,2,1,0,1,22072,1,14485,5
CUST0066,13712,12186,0.86,46250,113978,9196,24904,32332,95335,58408,13733,2,1,0,1,1,81015,1,3459,2
CUST0067,14168,7773,0.24,73034,50494,43459,43790,12467,16984,37679,24366,1,0,2,1,2,94003,2,29768,7
CUST0068,8551,4816,0.55,104940,103864,87245,3044,41025,22760,79731,13368,2,0,0,0,3,88938,1,6273,9
CUST0069,17297,1717,0.56,40130,149682,78863,9612,144179,91529,65131,9777,2,0,2,0,0,72746,1,19102,9
CUST0070,48733,12676,0.49,180418,132151,32769,5636,77994,1524,64280,11249,0,2,1,0,0,45702,2,10457,6
CUST0071,32128,5434,0.62,133609,95386,24700,11593,94202,49402,15762,22598,0,2,0,1,0,6057,1,6423,1
CUST0072,7832,18042,0.28,15216,86126,80356,48947,43481,91656,58703,21390,0,1,1,0,2,30916,1,18692,6
CUST0073,33483,6057,0.54,84149,80863,76427,2892,133653,65614,63079,20369,1,0,0,1,2,27268,1,18434,5
CUST0074,27063,21392,0.4,3009,78291,5269,21672,75118,35891,21577,12881,0,1,2,0,4,43978,2,29049,4
CUST0075,27963,5994,0.63,89904,125659,43880,5812,124010,91009,1214,9587,1,1,1,1,0,23259,1,6479,6
CUST0076,18422,5234,0.21,160399,7235,8320,31085,123714,39832,48114,28264,1,0,0,1,0,53583,2,16419,6
CUST0077,37920,4764,0.56,145281,82733,49589,654,139490,45836,63230,8791,1,1,2,0,2,79400,2,3249,6
CUST0078,16156,12181,0.25,179515,62712,76276,17143,84363,73953,32980,8705,1,2,1,0,2,34293,2,3809,2
CUST0079,16108,5637,0.32,15029,125849,35897,1798,123607,13362,67194,22375,0,1,0,0,4,7043,2,3921,7
CUST0080,36845,3104,0.27,198685,79823,58565,37927,63044,66745,77806,22611,1,0,1,0,4,50430,2,5676,4
CUST0081,7800,10447,0.25,188069,104215,30930,29087,11814,37921,37792,9258,0,2,0,0,1,38893,2,21425,9
CUST0082,43078,24185,0.76,102171,32230,57233,11618,99340,70434,45807,7833,0,2,2,0,3,40642,2,3417,2
CUST0083,47712,11674,0.33,114456,84573,82821,8446,10024,18562,22301,19270,1,1,2,0,0,78065,1,17916,5
CUST0084,7610,25959,0.84,62559,40644,14380,21646,109236,64510,5141,14245,0,1,1,1,0,30868,1,14463,4
CUST0085,17067,19991,0.88,64892,45203,76896,36591,57836,76407,13777,19037,2,2,1,0,4,26309,2,26474,9
CUST0086,38872,9385,0.56,70409,66677,70934,48867,7435,7610,38346,29481,0,1,0,0,4,23284,2,9167,4
CUST0087,15728,12999,0.21,139707,123246,55830,27200,70601,92918,54703,15754,0,0,2,1,1,69000,2,28230,8
CUST0088,34566,4719,0.4,33065,84817,5529,29571,120871,15791,47819,9280,1,1,0,0,3,84179,2,2469,8
CUST0089,34783,3581,0.74,120544,69806,94598,22538,134479,58047,28469,12577,1,1,2,0,1,62107,2,28496,6
CUST0090,25583,19949,0.39,107340,42814,82987,40555,98943,67906,3845,21248,0,2,1,0,3,65049,2,26828,6
CUST0091,25238,3763,0.17,33783,70219,49178,43964,32940,19665,23290,2514,1,1,0,0,0,29265,1,8292,8
CUST0092,12263,28374,0.55,34152,95345,6937,20900,5666,70246,30699,3969,2,1,0,1,1,81490,1,26345,9
CUST0093,6914,23712,0.78,58741,100088,39886,22356,37122,65864,44252,19668,2,1,2,1,4,23880,2,26409,5
CUST0094,28749,6991,0.74,107049,69322,49699,23023,118647,46451,3293,24124,1,0,2,0,1,84579,2,24526,1
CUST0095,24456,11531,0.24,182574,21650,76396,39148,129753,86148,57089,4566,0,1,2,0,1,255,2,23384,1
CUST0096,30582,20790,0.64,29092,94242,90678,17392,123402,45890,16608,2196,2,0,1,1,0,1502,1,24465,2
CUST0097,5406,26307,0.28,148725,140262,25279,20698,101190,6794,66273,28759,2,0,0,0,4,70192,2,27785,5
CUST0098,18689,12064,0.27,171541,38196,38106,42470,100468,32888,16619,17173,0,0,2,1,4,65424,1,22033,4
CUST0099,37934,12312,0.8,86483,29709,79737,26535,129207,6749,78006,19859,1,0,1,1,2,75838,1,7931,1
CUST0100,38276,5780,0.3,121585,80428,40544,35450,26505,46531,14779,11345,2,2,2,1,2,70966,1,20808,4
CUST0101,41432,5177,0.31,59754,9943,8997,33757,36713,20608,51040,26240,0,0,0,0,2,41366,2,2091,4
CUST0102,24873,16169,0.1,161050,21042,85711,12476,43169,80986,56325,1309,0,1,2,0,0,27425,2,26772,4
CUST0103,18050,7476,0.8,87592,43894,40860,41214,77511,69211,21630,864,2,0,0,0,1,52328,1,17363,1
CUST0104,5680,19988,0.73,94543,137941,3225,4711,40522,83996,12178,12055,1,1,1,1,4,67396,1,29490,9
CUST0105,23908,25565,0.6,43169,56759,59470,6479,99397,56017,19935,5389,2,0,1,0,4,71694,1,27236,3
CUST0106,23504,3382,0.7,179359,105973,63656,31390,3880,57676,47258,19747,0,2,2,0,1,5806,1,25233,4
CUST0107,26644,17915,0.22,54745,44306,51880,13161,43539,11560,22784,11716,2,0,0,1,4,86274,2,22038,5
CUST0108,42125,23463,0.47,110168,108369,61078,32152,14799,54401,63722,11978,1,0,0,0,1,17106,1,1260,7
CUST0109,6363,13508,0.38,113985,28379,88646,14635,104843,50468,23027,24599,0,2,0,0,0,56731,2,11456,6
CUST0110,47291,1634,0.18,5543,120667,76290,40843,48784,32463,57853,3003,1,0,2,0,0,75010,1,23320,5
CUST0111,40060,27345,0.49,187464,134034,56633,30297,113034,31663,67359,14174,2,1,0,1,0,82533,2,14435,8
CUST0112,6538,12996,0.84,21067,144923,26655,20836,54362,68706,72388,24886,2,0,0,0,1,32599,1,10377,1
CUST0113,41176,27946,0.13,51033,117626,43601,24831,53997,58773,78608,13772,1,0,0,1,1,71326,2,16813,7
CUST0114,46520,15162,0.33,45256,125180,3114,1007,102399,33123,76669,17615,2,0,0,1,3,75706,2,28025,6
CUST0115,30675,17386,0.27,153263,52349,26502,26331,14549,94346,15111,7959,1,2,2,1,4,9004,2,29109,5
CUST0116,23287,15005,0.29,86803,145817,49768,40456,56920,9718,32312,11980,2,0,2,0,4,51364,1,21754,7
CUST0117,5174,9397,0.83,118843,5730,48128,10763,93860,62637,24161,19095,1,0,0,0,3,25792,2,5301,3
CUST0118,31732,23335,0.47,28992,144993,20028,3908,24624,28,67313,6581,1,1,0,0,3,95752,1,8207,1
CUST0119,39998,13327,0.47,48803,19023,55565,27573,46705,62370,50374,24089,0,0,1,1,0,64912,2,28920,9
CUST0120,42055,15394,0.71,109975,126796,83123,19187,89326,47599,24014,29377,0,0,1,1,3,54645,2,23203,2
CUST0121,17112,28197,0.22,194549,81533,35333,11957,60390,17397,46389,16805,1,0,0,0,1,7232,1,26442,3
CUST0122,44874,23010,0.49,144282,83286,3174,4379,68369,45406,18161,9965,2,0,0,1,2,78210,2,17476,8
CUST0123,14689,25123,0.44,26270,41979,35398,27959,9589,47657,7490,11760,2,1,1,0,1,54766,2,22545,9
CUST0124,49814,23387,0.58,193080,22837,35929,16482,113012,67560,24502,14922,2,1,1,0,3,81588,1,25016,3
CUST0125,24555,3890,0.9,136269,146069,4321,27105,145188,13503,35757,946,1,2,0,0,4,48542,2,28754,6
CUST0126,38919,28769,0.72,7452,104975,95971,877,73181,54943,41111,25762,1,0,2,0,1,5913,2,26927,7
CUST0127,12619,11858,0.42,41486,20923,55421,48353,123711,75839,58645,18218,1,2,2,0,4,93449,2,23592,1
CUST0128,11033,23623,0.76,14859,8876,72635,18252,76425,82674,59055,1564,1,2,0,0,1,10567,2,9556,7
CUST0129,46328,9026,0.24,158308,60973,23760,31334,15994,25345,8998,7332,0,0,0,0,4,38379,1,22300,4
CUST0130,9946,4306,0.12,162971,133959,11360,19049,111915,50390,28906,4944,1,1,1,1,1,74968,2,14795,5
CUST0131,29618,1897,0.26,32083,42422,10313,17772,122961,95041,70192,16057,2,1,1,0,4,319,2,21102,8
CUST0132,39675,10277,0.37,67708,51413,85998,2637,104672,59557,50477,13877,0,0,2,1,2,90005,2,7125,4
CUST0133,41258,10471,0.51,111462,102484,5801,7242,26639,65054,36901,29990,2,0,0,1,0,92026,2,2924,4
CUST0134,23919,15896,0.59,147735,133913,14130,42025,17205,1906,52021,10139,1,1,1,0,1,86120,2,20479,8
CUST0135,9173,16240,0.83,93076,28756,14271,41381,56677,40167,29092,1308,0,0,2,1,2,4791,2,7683,5
CUST0136,48833,15683,0.51,19053,71576,16075,35651,32930,7961,1242,19370,1,0,2,1,0,97272,2,22565,6
CUST0137,31400,1670,0.5,142157,118248,18984,33972,73313,26140,1831,16770,0,0,2,1,1,329,2,19922,5
CUST0138,9769,24675,0.14,161636,10304,88095,16928,113153,58701,50721,22515,2,1,1,0,2,74387,1,26872,1
CUST0139,42564,18889,0.13,89745,30341,60942,28742,18316,77567,28511,25737,1,2,1,0,2,61032,1,19660,7
CUST0140,19211,23844,0.54,190167,135830,12861,11831,96058,80664,72782,3258,1,2,0,0,2,44078,1,14331,6
CUST0141,28255,12767,0.45,69517,148082,98970,48232,87876,81199,18302,22505,0,0,0,0,3,88662,1,25578,2
CUST0142,32962,14006,0.77,152225,127039,82203,19556,85366,99764,55568,4811,0,1,2,0,4,21300,2,29068,7
CUST0143,24356,22551,0.23,136319,132447,71376,25343,13403,81218,3232,22958,1,0,2,1,0,75700,2,10945,6
CUST0144,25306,16768,0.12,141625,99485,61247,22834,80052,80729,51507,6697,0,1,1,1,4,50945,1,18294,5
CUST0145,9997,27531,0.46,151883,22092,69101,46762,73495,28561,76508,20317,1,0,1,0,4,55609,1,1306,8
CUST0146,22376,22639,0.29,137207,131562,20977,39288,96090,50568,10683,15775,0,1,0,1,4,60562,1,23959,5
CUST0147,45880,17633,0.14,136645,3729,50617,33422,36701,73302,23664,11039,2,1,0,1,2,90045,2,5231,2
CUST0148,43055,23841,0.68,79267,137046,57473,23205,134457,95380,33172,29097,0,2,0,1,4,61901,2,7028,6
CUST0149,15578,2892,0.19,138261,118222,86654,18830,57241,94968,64340,1439,2,0,1,1,3,5703,1,13207,1
CUST0150,23624,4439,0.59,80077,85216,88177,8412,141439,29504,11017,22553,0,2,2,0,1,92645,1,7658,5
CUST0151,44194,27429,0.32,174718,83860,72902,3666,65030,37146,36613,11634,0,2,0,0,2,63115,1,7336,6
CUST0152,49367,3854,0.24,76623,96870,92172,37045,105185,40297,76920,20864,1,1,0,0,0,88090,1,14896,7
CUST0153,5389,27079,0.4,131004,21398,15630,20786,36404,86394,30348,55,0,0,1,1,1,27676,1,10630,2
CUST0154,38767,12577,0.74,53687,34650,20056,5515,55182,68607,16448,19708,0,1,0,1,1,61710,2,18256,1
CUST0155,6855,12763,0.41,68312,103889,7382,41973,32991,16939,9491,23161,2,1,2,0,1,60077,1,2141,6
CUST0156,45893,21176,0.7,107615,3159,55739,26627,104601,90467,78648,105,0,1,1,0,4,89340,2,18049,3
CUST0157,18794,12618,0.2,130976,98162,81685,15198,65886,50715,58759,3201,1,0,0,1,4,45440,1,9400,5
CUST0158,40531,22714,0.72,27564,102834,48639,3985,122002,44460,44553,15184,2,0,0,0,2,36923,1,1951,2
CUST0159,9986,25255,0.29,28835,148137,59838,45903,83848,66576,968,669,1,1,1,0,4,29802,2,10249,1
CUST0160,37298,9235,0.64,192659,21638,46041,40935,57692,68222,368,12663,1,0,1,1,4,90331,1,13936,1
CUST0161,6481,20996,0.55,7697,1073,992,29475,37500,12666,73960,25318,1,1,0,1,4,62904,2,15455,4
CUST0162,8731,3618,0.84,80165,29320,72394,40216,33785,62119,35010,966,1,0,2,0,2,60162,2,5722,2
CUST0163,21835,22062,0.41,148118,34924,67657,19403,84146,35321,54154,16691,2,0,1,1,2,65169,1,13812,1
CUST0164,32798,4163,0.15,57823,68116,27160,3681,47997,1779,35851,18522,0,2,2,0,3,68147,1,5008,6
CUST0165,31113,26864,0.12,184442,2159,45156,26019,7170,13186,25496,11656,1,1,0,1,3,22075,2,11060,4
CUST0166,24477,3942,0.76,9615,48940,51375,27586,144375,16459,30936,15893,2,2,2,1,3,82015,2,14056,7
CUST0167,22266,25795,0.52,136132,79436,86442,49724,71743,86246,78858,13089,1,2,0,0,3,74716,1,7655,6
CUST0168,25792,2925,0.72,130499,14678,19572,42292,35187,87755,67005,16493,0,1,0,1,1,9304,2,23574,5
CUST0169,25452,3972,0.29,76436,143093,4136,37521,132965,5057,37493,3632,2,1,0,0,1,59622,1,18155,2
CUST0170,48526,12705,0.38,191591,137844,61868,39850,144825,60663,69795,23112,2,0,0,1,3,54215,2,14027,5
CUST0171,46334,11640,0.12,120562,67163,82263,36770,38090,18733,36390,29011,0,1,2,0,3,80146,1,5030,9
CUST0172,16889,29047,0.87,71117,51137,32167,5629,59412,19157,10292,5684,2,2,0,1,0,73973,2,25243,9
CUST0173,29335,11966,0.63,192230,61497,15479,27710,56030,35030,28365,13266,0,2,0,1,1,12521,2,1521,2
CUST0174,16254,18374,0.85,34782,100485,31376,30328,17509,19613,17207,22883,2,1,2,0,0,24028,1,20739,7
CUST0175,26074,12138,0.31,78533,105468,4823,12278,68653,83028,22912,18299,2,2,1,1,0,39328,2,2400,4
CUST0176,16442,19196,0.59,189327,901,70456,8417,129626,86282,56572,28839,0,0,2,0,4,27301,2,12930,3
CUST0177,42327,16935,0.64,72684,87980,19585,34765,4042,5188,19276,16940,0,2,2,1,2,38015,2,29919,1
CUST0178,21199,14145,0.35,187990,107594,17272,8963,37201,29680,5534,24003,2,0,2,1,1,87276,2,4723,3
CUST0179,12291,26379,0.78,79558,2881,26619,48552,14016,60119,35670,29576,2,2,0,0,3,36845,2,7579,9
CUST0180,45928,1489,0.86,81422,29863,75069,37292,25022,74400,62147,104,0,0,0,1,3,86818,2,20631,9
CUST0181,5112,12748,0.81,156328,136694,39895,25009,27938,55718,36486,2047,0,0,0,1,2,76394,2,19242,7
CUST0182,26515,23260,0.69,161077,132450,3720,27675,118171,36445,65557,16529,2,1,1,0,1,44159,1,5781,3
CUST0183,24581,27069,0.32,6638,45201,19267,36175,61720,5796,34268,27339,2,0,0,1,3,43714,2,21448,3
CUST0184,31500,21029,0.33,37419,59251,15696,6731,105514,47218,26336,17257,2,1,1,0,3,80722,2,13873,4
CUST0185,37026,24465,0.87,33377,72572,29968,40563,133058,39131,3641,16682,0,2,0,0,4,99721,1,19782,7
CUST0186,21523,20275,0.11,106244,39255,53364,11332,76478,8123,32959,19622,2,2,2,0,0,96730,2,17526,7
CUST0187,6424,27281,0.67,174188,63212,23345,19177,143233,8222,13306,8837,1,2,0,1,3,25230,2,22446,2
CUST0188,24552,4516,0.66,167706,50210,51567,23718,127101,24074,46182,15407,0,0,1,1,1,92554,1,12043,5
CUST0189,15808,20724,0.6,23382,125629,91229,2911,94699,29825,74123,29309,2,2,1,0,2,49262,2,20853,7
CUST0190,43811,7410,0.89,187135,22499,61607,18799,99273,36839,56326,6382,0,2,0,1,4,90201,2,17375,7
CUST0191,11989,1053,0.35,153466,102552,19385,49402,63745,68322,21498,27654,1,1,2,0,1,41722,1,21079,6
CUST0192,28620,19959,0.37,67789,61360,83658,15194,132283,56321,70198,18895,0,1,0,1,4,46359,1,18101,8
CUST0193,44029,29167,0.16,110634,135675,66900,4951,131301,99174,27197,22980,2,2,0,0,0,62796,2,1642,3
CUST0194,5887,17999,0.45,131936,127466,68244,40866,118972,25988,20719,783,1,2,0,0,3,40159,2,29016,1
CUST0195,36802,6944,0.31,99572,85473,65425,28333,145417,35507,25032,21376,1,0,2,1,1,87052,1,19932,3
CUST0196,24488,8404,0.37,171294,143704,78518,21673,101489,99244,59624,370,2,0,1,0,2,90209,2,12885,2
CUST0197,35013,1954,0.77,144738,91873,82844,48885,31819,98644,78177,15908,2,2,2,0,0,5239,1,25945,2
CUST0198,21402,11625,0.85,123664,65756,32919,40870,47779,95251,41964,486,2,1,1,1,0,91951,1,21034,2
CUST0199,26205,2629,0.25,152027,56344,90697,5565,92244,23806,30028,23762,0,2,1,0,4,50886,1,8549,5
CUST0200,31049,11973,0.4,110674,138421,57196,22821,65584,36901,54646,26613,0,0,1,0,0,27195,2,14397,1
CUST0201,17253,7859,0.84,103533,71154,79401,25494,146245,17043,8536,14500,0,1,2,1,1,94859,1,26362,4
CUST0202,23990,9841,0.15,81845,27464,495,33941,58032,75761,56747,3196,2,1,0,0,4,96299,1,16074,5
CUST0203,12846,11539,0.17,69590,121897,44755,8624,115074,9752,45712,9552,2,0,0,0,0,34674,1,14771,2
CUST0204,30027,13682,0.23,127775,37344,67684,47162,99273,68993,6273,20671,0,2,0,0,2,18105,2,1949,5
CUST0205,44200,4278,0.58,66471,83791,33324,46024,28036,42616,71820,29401,1,2,0,0,1,29739,2,22828,4
CUST0206,8765,22839,0.22,43298,132534,78929,835,71356,52127,74353,2261,0,2,0,0,2,31969,2,17905,8
CUST0207,20950,28216,0.87,194180,120209,1552,18646,145364,74777,50830,10813,1,0,2,0,2,14497,1,24016,1
CUST0208,14741,21185,0.46,48924,81441,51272,11824,3052,453,17127,9148,2,1,2,0,4,1816,2,23432,5
CUST0209,27742,19945,0.5,147781,90456,35853,37335,44377,75432,11539,8572,2,0,2,0,3,92019,2,15732,1
CUST0210,29703,28825,0.3,9726,81788,32924,3815,67819,87362,46761,15008,0,2,2,1,4,59254,1,28519,4
CUST0211,43709,7539,0.48,191896,14175,74462,49398,113689,10976,46219,28225,0,0,2,0,1,87695,1,17738,8
CUST0212,42623,17754,0.63,40542,137263,96387,2429,146692,99122,14692,13085,2,1,2,0,1,69385,2,27911,1
CUST0213,27931,1857,0.7,151317,83434,23889,41950,30461,70404,13334,16622,0,0,2,1,4,87148,2,18866,2
CUST0214,28580,5886,0.7,34753,84518,54675,41886,20750,81932,28615,6843,2,2,0,0,3,33826,1,10839,1
CUST0215,20166,13945,0.56,79788,66537,73591,44398,9472,97170,7903,1105,2,1,1,0,4,63365,2,28621,7
CUST0216,34240,8485,0.82,21316,115721,70190,2607,69263,77707,28527,17770,1,0,2,0,1,84242,1,13823,2
CUST0217,30991,14680,0.75,84698,47645,22634,25650,112036,89647,15629,27128,0,0,1,0,3,50100,1,24378,1
CUST0218,43556,17767,0.71,15960,23283,32363,38698,25523,33688,58008,10441,2,1,2,0,1,90099,2,19599,6
CUST0219,37969,15397,0.14,30791,86971,63752,32353,103262,86840,26708,9719,0,1,2,0,3,4359,2,22100,6
CUST0220,15561,29453,0.11,25216,92759,77004,36790,66060,93789,10860,18051,1,2,0,1,3,96205,2,26003,2
CUST0221,21901,11744,0.27,163539,102780,56398,11991,9079,96516,17438,28708,1,1,1,1,4,12809,2,23205,1
CUST0222,45505,5334,0.63,64427,30734,98458,21168,139471,2017,67300,2691,0,2,0,1,4,64450,1,19921,3
CUST0223,35020,21674,0.43,112470,515,40718,31099,60726,7957,71545,24140,0,0,0,1,4,38428,2,15690,5
CUST0224,30917,20109,0.42,193119,110782,82916,39385,92906,4792,20842,11864,2,2,1,1,3,94990,2,7339,6
CUST0225,6988,13226,0.81,73290,66727,26870,35919,16532,55982,60213,1996,1,0,0,0,3,72790,2,26120,3
CUST0226,49505,28869,0.82,47014,109164,37394,31416,122689,13237,42372,1425,1,1,2,0,1,90321,1,11956,9
CUST0227,19256,23588,0.83,135150,46216,52057,5580,43162,51586,68906,27388,1,0,2,0,2,2093,2,22303,5
CUST0228,27192,14440,0.35,50519,71833,79795,7054,134821,81787,38744,16378,0,1,2,0,4,44498,2,24459,2
CUST0229,33230,16020,0.65,4042,58755,80409,24090,11353,19252,57442,24407,2,0,2,0,1,40985,1,4765,6
CUST0230,44930,23495,0.32,49052,27856,13016,40387,112313,10707,3650,6849,0,0,2,1,1,32009,1,26234,8
CUST0231,27625,5251,0.25,14389,73870,42137,15823,28477,34206,45117,3247,0,0,0,1,0,82094,1,24466,6
CUST0232,37088,13180,0.25,95961,137080,153,46015,86373,94276,52772,18976,0,0,0,0,4,17718,1,3827,4
CUST0233,19114,17140,0.37,68111,7987,7853,37341,142509,3543,3190,1490,2,2,2,0,1,16705,1,3058,6
CUST0234,46167,1922,0.44,105058,96502,12379,15339,4551,44135,48113,17608,0,0,2,0,0,87618,2,25133,8
CUST0235,43401,20299,0.76,93715,134404,15792,3491,68359,35031,8789,18971,1,2,0,1,4,62598,1,12519,8
CUST0236,10755,28526,0.2,50733,66323,38367,706,143988,42929,32125,24098,1,1,1,1,3,77878,1,1730,2
CUST0237,15825,8957,0.69,34754,9873,18100,31957,126150,65747,17459,19448,1,1,0,0,0,12239,1,2832,8
CUST0238,27693,20430,0.53,149696,105219,63456,15728,47636,57851,35418,14310,2,2,0,1,3,46622,1,9600,6
CUST0239,9117,16796,0.33,85886,5033,11049,6997,29685,55311,47085,24188,0,1,0,0,2,46665,1,23889,2
CUST0240,29729,26550,0.49,157753,73324,786,38001,51134,65867,18768,17216,2,1,0,1,2,32274,1,16618,1
CUST0241,37182,2230,0.34,89524,15689,69904,38523,88916,88780,49961,15401,0,0,0,1,2,11419,1,8170,6
CUST0242,33890,11627,0.58,81006,109756,30699,25163,107967,57196,27885,12884,1,0,1,0,2,15003,1,5179,7
CUST0243,34340,25031,0.45,24704,66,47691,17718,94455,73705,61082,18824,0,0,2,1,1,30866,2,7299,5
CUST0244,6518,11006,0.23,94913,114159,37040,21972,49756,57894,6895,4795,0,2,2,1,2,21988,2,8830,8
CUST0245,35949,28510,0.19,94108,7533,92990,18231,122863,87640,50311,1646,0,2,1,0,1,55894,2,12439,9
CUST0246,27547,5933,0.54,7493,115828,57986,39619,61192,14591,67067,16142,2,1,2,1,1,90444,1,5802,4
CUST0247,21346,15295,0.82,69639,59658,38762,12126,48733,97247,71017,14306,0,0,2,0,4,5674,1,23441,7
CUST0248,7600,26939,0.38,54383,38498,23600,23595,25993,48893,23932,16824,0,2,2,1,1,70538,1,7615,8
CUST0249,34267,17377,0.69,134066,109028,94774,40633,24143,727,21360,5956,0,2,1,0,1,93103,2,7762,6
CUST0250,41322,21324,0.63,47234,11772,90777,12118,107044,21359,54847,13928,2,0,1,0,2,66446,1,6543,2
CUST0251,31990,23867,0.85,178363,89385,19810,3317,128406,43822,38931,9721,2,2,2,1,1,29072,1,25709,7
CUST0252,21193,1203,0.76,128674,12940,85703,44980,69351,88534,55823,11157,2,0,2,1,3,33717,1,5883,9
CUST0253,35109,17544,0.55,5594,118027,87347,44115,70309,10929,38032,2367,0,1,2,0,2,87345,2,24434,5
CUST0254,24233,16899,0.63,7371,16932,57204,43158,143518,60091,18807,6696,1,1,0,1,0,26651,2,22343,2
CUST0255,21194,26344,0.82,47315,24648,20085,47631,119156,80378,11767,27862,1,1,0,1,2,44291,1,16739,4
CUST0256,39510,4748,0.42,127251,32966,46854,49316,76000,23519,8071,5190,1,0,0,1,1,63350,2,1666,3
CUST0257,6306,7718,0.36,79526,148246,74797,39828,21576,17393,53413,4663,0,2,1,0,3,82020,1,1276,4
CUST0258,8849,19965,0.11,147698,42598,84269,15504,3320,34318,26149,7062,1,1,2,0,2,4646,1,28883,7
CUST0259,17360,2093,0.76,86005,144870,39779,3057,141822,74531,15540,4331,1,1,1,0,3,39713,2,15063,8
CUST0260,34231,16228,0.74,105573,148630,56207,26660,103002,94192,70248,25880,1,1,1,1,0,67936,2,1881,1
CUST0261,41963,21884,0.18,138202,61084,94615,37196,26572,47934,19787,19418,0,2,1,1,0,44331,2,3060,8
CUST0262,23689,26183,0.56,137900,131250,33980,402,17948,81103,20982,11880,1,2,2,0,4,22185,2,15677,5
CUST0263,34084,17034,0.47,57514,17118,56117,8605,116528,28840,22606,28549,1,0,0,0,4,84263,1,19466,7
CUST0264,45387,6710,0.19,183736,22616,14141,15761,89051,89367,10150,16246,0,1,2,1,2,98656,1,7702,1
CUST0265,14280,10732,0.88,148955,131870,9344,27043,27867,13265,46936,25761,2,2,2,1,4,52107,2,10429,2
CUST0266,7642,20259,0.27,174131,7601,15896,33635,44678,5424,8593,3262,1,0,1,1,3,66554,2,28028,1
CUST0267,47137,4191,0.15,174004,25363,89353,13779,107561,20625,17358,13320,2,1,1,1,4,17563,1,16853,5
CUST0268,19296,19221,0.58,192341,2795,29813,15155,12963,79622,37381,18491,1,2,1,0,3,70729,1,1158,6
CUST0269,20438,1689,0.69,75986,97462,84431,40978,49434,29187,28074,7036,0,2,0,1,4,15701,1,16996,9
CUST0270,42525,21143,0.13,85959,102892,65679,33132,66617,35929,20595,26416,2,0,0,1,4,69072,1,6229,8
CUST0271,7994,28525,0.63,2035,72833,10681,23851,117569,61892,44194,20704,2,1,0,0,4,48217,2,28172,7
CUST0272,39039,3103,0.53,109767,3084,72903,15366,97352,20539,49377,22322,2,1,2,0,1,44610,2,8956,5
CUST0273,6813,1365,0.18,171817,95865,3228,28408,79732,56630,26853,19131,2,2,1,1,1,84422,2,24898,3
CUST0274,32491,15010,0.24,17241,731,4582,6571,107648,90639,73719,4677,1,1,2,0,4,50131,1,29391,9
CUST0275,23845,12767,0.55,52975,132201,78683,49731,81494,93410,20661,7972,1,0,0,1,3,29410,1,25187,5
CUST0276,46243,17103,0.34,154226,1605,11397,14017,77225,9215,50493,15329,2,2,1,1,2,99280,2,13566,3
CUST0277,42164,25476,0.85,156697,77506,38799,39236,82867,39385,36495,4264,1,2,0,0,0,58715,2,3526,3
CUST0278,47051,13742,0.75,176022,44130,37011,4150,78972,87580,13703,3133,2,0,1,0,1,38665,2,25686,3
CUST0279,18318,13391,0.89,56396,68469,79183,45833,96261,77462,53080,11612,2,2,1,1,4,15957,1,8803,6
CUST0280,22200,5172,0.31,118920,146259,93254,19423,90748,97037,30815,17849,0,1,2,0,0,48127,2,7574,1
CUST0281,5082,29901,0.88,144403,90436,44264,4137,124481,95310,29565,20493,2,1,2,1,1,63589,1,9733,4
CUST0282,6920,23417,0.44,194999,112341,42317,29992,129529,25008,63321,18595,1,2,0,1,2,46008,2,18522,8
CUST0283,45585,16623,0.38,86226,131965,47914,45004,2251,48928,58453,21923,2,0,2,1,3,61920,2,8257,3
CUST0284,16683,3378,0.14,84719,99694,84633,28902,99108,83096,33161,27380,0,0,2,0,4,32875,2,4283,5
CUST0285,16336,18589,0.14,63014,19773,45254,49604,97382,89876,55991,14158,1,1,2,1,2,1626,1,16909,2
CUST0286,20596,22372,0.65,39346,4239,40096,44921,9583,24976,9716,9735,0,0,1,1,1,90815,1,25146,2
CUST0287,7093,13031,0.47,70411,20863,53785,13833,50387,27626,33349,1689,0,2,2,1,4,63822,1,12802,7
CUST0288,17905,6669,0.28,185550,51415,52344,1381,23104,98256,47098,9763,2,2,0,0,0,71765,1,8896,3
CUST0289,29351,3735,0.59,143326,68968,82643,8154,12224,59789,132,7727,0,1,1,1,3,72413,1,29133,5
CUST0290,35981,28923,0.3,186806,60430,68546,34235,60624,4700,51990,7764,0,1,1,1,1,33642,1,19803,3
CUST0291,13367,10867,0.56,159693,1515,71091,13439,104320,63645,68921,29723,1,1,2,1,3,38311,2,14526,6
CUST0292,10285,9490,0.39,76441,97206,65603,19122,78572,73396,36538,20925,0,0,1,0,4,32356,1,19140,3
CUST0293,48664,1956,0.76,46121,145677,28412,23956,85469,7526,7213,27855,2,2,0,1,2,3809,2,12278,8
CUST0294,42705,10306,0.76,60197,56240,51658,17264,77928,39500,44223,19925,2,2,0,1,3,43371,1,14242,2
CUST0295,21753,7623,0.48,84577,5586,99841,44774,4141,68049,68371,13003,2,2,1,0,0,34875,2,19690,3
CUST0296,23485,15908,0.38,94634,120419,49549,3149,70871,73366,68274,27599,0,1,2,0,1,9465,2,25014,8
CUST0297,17977,28081,0.39,173503,122374,11549,24660,136149,80317,4134,818,1,2,2,1,0,66095,1,23647,8
CUST0298,24874,18858,0.74,100211,31186,71216,40660,46015,59117,39601,14439,2,0,1,1,3,73844,2,26551,1
CUST0299,12674,5460,0.36,135909,26928,25739,20528,59902,56096,73889,15077,0,0,0,1,2,65250,1,22392,8
CUST0300,34038,24386,0.27,180066,122990,21209,48904,5577,7910,15690,4521,2,2,1,0,2,86889,1,22631,2
CUST0301,34315,14986,0.17,143687,87029,87968,1168,20002,81383,1909,1124,2,1,2,0,0,15250,1,26298,7
CUST0302,8676,13638,0.47,1466,20711,15116,45124,50711,71185,12062,5660,1,2,2,1,4,46023,1,3570,6
CUST0303,7426,29302,0.49,30771,54962,20045,35897,39451,50248,75386,29521,2,0,1,0,4,46624,2,23191,2
CUST0304,29473,29047,0.77,83886,20039,26327,15032,34831,74656,34731,5641,1,0,0,1,2,16427,1,25196,5
CUST0305,7962,23780,0.28,65911,36561,35709,35294,96498,1951,5153,17513,0,0,1,1,0,33276,2,1324,7
CUST0306,34943,20212,0.4,151818,1577,43617,43827,128949,65212,10481,1702,2,2,0,0,0,71643,2,24871,8
CUST0307,5859,3850,0.75,88422,107792,60139,3516,95119,75701,66425,18385,0,0,0,1,0,79012,2,10721,3
CUST0308,49816,14299,0.76,191811,10785,26905,19751,66830,79888,63600,23296,0,1,1,0,3,3439,1,6645,1
CUST0309,9138,11698,0.41,73369,72227,64148,30373,80632,75282,71997,20262,0,2,1,0,4,85848,2,19329,7
CUST0310,40192,29346,0.47,1893,118680,72603,30270,36833,94533,28205,28948,2,2,0,1,4,87331,1,15404,5
CUST0311,30640,20348,0.34,30573,61957,98095,10386,24398,41954,44149,23616,1,0,0,0,3,78672,2,5486,5
CUST0312,15409,5594,0.85,96907,65431,42919,36323,61554,89719,49112,26382,2,0,0,1,1,79703,1,3430,7
CUST0313,9017,26525,0.19,171946,148369,83521,48780,50755,8804,10940,11139,0,1,0,0,3,17300,1,29687,1
CUST0314,15451,15282,0.85,99956,71894,92905,14157,148778,92705,59010,22715,1,2,2,1,0,60289,1,20894,8
CUST0315,33327,17285,0.65,118580,55192,83400,37879,64994,595,76794,22419,0,0,1,1,3,17182,1,18229,5
CUST0316,15278,15334,0.53,164439,1462,88150,39520,63884,29592,24485,27785,1,1,0,1,0,70507,2,14156,8
CUST0317,29944,7644,0.13,152271,128848,58446,49597,84361,40643,1067,15702,2,0,1,0,2,50912,2,1567,5
CUST0318,48764,3850,0.48,91404,146583,52428,39132,17482,62665,20607,26728,1,2,0,1,0,26909,1,29264,7
CUST0319,6134,15933,0.43,57724,76106,47894,3626,54225,20823,61597,29217,2,0,1,0,4,19659,2,3179,3
CUST0320,35131,1165,0.23,86133,48665,81149,20400,74854,5972,74554,6523,0,2,1,0,3,31403,1,3019,2
CUST0321,42887,29062,0.63,167477,81010,6447,36643,41256,15882,48521,12397,1,0,0,0,0,33586,1,16919,6
CUST0322,43462,11701,0.88,15989,72573,5499,38265,108721,66394,15187,8111,0,2,0,0,1,10360,2,20703,5
CUST0323,27520,1919,0.55,28931,107803,39041,15979,81110,71055,3985,25120,1,1,1,0,2,21424,1,19704,9
CUST0324,26869,9305,0.67,9290,119682,31315,11529,113606,23769,43052,2401,2,2,1,1,1,98035,1,19030,4
CUST0325,41932,20888,0.15,169439,13386,1299,16645,14650,25020,19563,29414,1,1,1,0,1,48791,1,29579,3
CUST0326,10039,18375,0.43,121136,124069,4994,26424,28930,42748,47322,26940,1,2,2,1,1,3065,1,4909,9
CUST0327,26281,16715,0.19,79878,54460,95414,13382,100400,85374,61245,9481,2,1,0,1,2,68795,1,9015,8
CUST0328,15442,23431,0.59,90477,137293,81163,4025,11801,44912,51514,28341,2,0,2,0,2,12300,2,4420,6
CUST0329,13252,4839,0.85,126299,115375,7489,43226,51360,12879,18608,10067,2,2,2,1,2,33370,2,28107,1
CUST0330,32586,18642,0.63,161205,112660,91647,13844,87908,33798,67262,13376,1,0,0,1,2,69831,2,15885,1
CUST0331,22568,24993,0.16,105686,91319,32355,4175,147631,89826,71327,29004,0,1,0,0,1,27209,1,17740,6
CUST0332,25810,12618,0.38,158124,116582,73805,30519,32334,46073,57225,13824,1,2,2,1,4,20927,1,8485,3
CUST0333,6551,26090,0.54,107286,135994,68367,9174,13288,75791,73994,13444,1,2,0,0,4,34579,1,20465,3
CUST0334,17625,14519,0.42,40475,42771,77355,3443,12191,66983,17221,12879,0,0,1,0,2,9032,1,19664,6
CUST0335,39397,22188,0.77,82666,52335,90349,21395,18051,43005,48506,25358,2,2,1,0,3,93254,1,5131,3
CUST0336,31249,28772,0.75,96622,52949,87173,10725,61715,94731,20968,16112,1,2,2,1,0,78413,1,11652,6
CUST0337,6361,11776,0.59,188728,95558,1996,33461,10737,2850,27937,539,0,0,2,1,3,40731,2,22507,5
CUST0338,31149,1067,0.4,135705,146312,44387,41115,65140,28400,62435,10974,2,2,0,1,3,92202,1,15379,4
CUST0339,9370,10788,0.3,148376,102272,3089,44548,5147,11953,49508,13846,2,0,0,1,3,53767,2,15903,8
CUST0340,10283,6660,0.18,107573,2716,98827,31351,50508,23535,41831,5615,1,0,2,0,4,72302,1,16913,2
CUST0341,12610,5478,0.38,46546,147646,20659,18196,52224,75536,42933,27244,2,0,2,0,0,49954,2,24806,7
CUST0342,48326,9210,0.43,7008,71916,45178,46609,19643,75039,47307,29290,2,0,1,1,3,88365,1,20171,4
CUST0343,19924,11922,0.64,48291,50906,95965,14254,38967,81029,48340,16016,0,0,1,0,2,85757,2,21593,2
CUST0344,49717,4521,0.63,158477,463,81268,14021,103535,4055,43601,28513,0,1,0,1,4,25102,2,23924,7
CUST0345,15626,1572,0.16,36386,74694,85042,46136,40733,38170,75956,2956,2,1,1,0,2,34433,1,26773,1
CUST0346,39761,8082,0.42,90909,68694,70726,5724,34808,97944,72178,8077,0,0,0,0,2,15932,1,10470,4
CUST0347,5869,25216,0.25,151899,20008,70111,28690,58959,99976,28754,3722,2,1,0,0,3,25714,2,17849,9
CUST0348,36552,6395,0.23,33040,70474,34565,1407,132921,28251,43310,12059,1,1,0,0,2,57803,1,29576,4
CUST0349,6014,16407,0.76,60354,38185,89242,8032,68178,4532,69893,26409,0,2,1,0,0,39743,1,12540,3
CUST0350,15103,19642,0.13,78543,87924,22884,47340,112255,4924,48367,5087,2,0,2,1,2,2552,1,18871,2
CUST0351,21986,12094,0.44,18157,34980,17199,17794,86322,48037,13201,10338,2,1,2,1,3,56627,2,22326,3
CUST0352,49781,23423,0.23,35315,22504,60038,19881,44565,78082,2739,22844,0,2,1,0,2,45987,1,5597,1
CUST0353,35471,1650,0.8,35932,54970,57786,20756,1132,92115,13231,2170,0,2,2,1,4,79810,2,5536,8
CUST0354,38458,6741,0.55,152236,16766,49294,40162,63668,71621,42495,3391,1,0,0,0,4,45380,2,17709,1
CUST0355,30069,14281,0.29,145486,116944,78015,29416,108835,77926,21168,6942,2,0,2,0,4,29250,1,10957,3
CUST0356,21873,7838,0.5,145399,93922,34178,49703,142003,78816,32624,18000,1,2,1,0,1,68344,2,5162,3
CUST0357,28248,19971,0.69,113880,142767,12665,44354,73169,89654,10635,13806,1,0,2,0,4,64686,1,1303,2
CUST0358,28624,25260,0.87,132018,148868,534,25752,100417,70400,9964,14792,1,0,0,1,4,45028,1,6067,5
CUST0359,48516,4262,0.28,14693,145631,91828,12926,1044,99525,27785,12809,0,2,0,0,1,15295,2,6024,3
CUST0360,34061,18722,0.81,27241,120494,36132,33765,24363,92385,76928,14855,1,2,1,1,4,55248,2,8715,3
CUST0361,29170,5996,0.85,115194,8802,36110,14390,46694,93102,12336,9108,0,0,1,0,3,80205,2,27016,8
CUST0362,13024,12826,0.83,95790,34159,58754,38867,132654,10702,77475,29388,0,1,1,0,4,10523,2,25724,4
CUST0363,21678,23164,0.61,146612,11516,63580,21939,21301,15385,27412,6458,1,0,0,1,4,45530,2,12226,4
CUST0364,43256,3827,0.6,72255,50492,22469,27307,74329,9336,75379,2756,1,1,2,0,1,13769,1,3631,3
CUST0365,25411,15211,0.42,195829,29086,64016,30828,1620,65421,45591,6853,2,2,2,0,3,63042,2,23775,1
CUST0366,48803,6232,0.7,172275,113758,46233,28513,62224,31225,61750,7709,1,1,1,1,2,44645,1,14412,8
CUST0367,24296,3217,0.53,156153,30480,66708,24502,95419,36021,35454,18320,2,2,2,1,0,90743,1,16037,1
CUST0368,31293,20923,0.64,192933,128023,58232,30063,120050,3782,62672,28618,1,0,2,1,3,62142,2,25671,7
CUST0369,32172,25229,0.44,11350,110195,93450,22486,55856,88877,27228,19475,1,0,1,0,2,25557,2,12647,5
CUST0370,26128,15232,0.69,186584,38737,86437,46277,55809,89630,14429,12847,1,2,1,0,3,79782,2,13569,4
CUST0371,23257,26613,0.76,56809,9265,34409,38258,22259,49111,67808,17352,1,2,0,1,2,78382,2,3369,4
CUST0372,17855,15026,0.22,101894,114165,19324,31692,20655,89402,53015,7297,2,2,0,1,2,37085,2,12659,8
CUST0373,24642,21767,0.77,97557,119501,8738,38384,21602,84585,68936,27940,2,0,0,0,3,50708,1,1528,6
CUST0374,40585,29554,0.53,173904,70990,24054,15958,85945,42719,57378,16256,1,0,0,0,1,51357,1,11502,1
CUST0375,25025,20345,0.78,159441,15386,29709,35016,142182,96528,37310,3203,1,1,2,1,3,13470,1,5675,8
CUST0376,9458,20610,0.45,31728,104718,85643,17232,137145,49037,68827,6499,2,2,2,1,3,78712,2,19047,2
CUST0377,10307,14878,0.4,17576,37425,363,10748,100846,80103,35256,5173,0,1,0,1,2,79082,2,20748,6
CUST0378,46701,7837,0.83,160073,121635,10358,10514,80818,3513,76428,17273,0,0,0,1,0,6805,1,3341,9
CUST0379,23425,8031,0.3,83384,53634,3240,22738,141267,13335,38889,25368,0,1,1,0,2,82324,2,14919,1
CUST0380,48427,15806,0.78,390,86988,72201,8695,1537,44140,51428,11650,2,1,2,0,4,94884,2,15730,6
CUST0381,33273,26674,0.49,45436,106337,45689,8070,148210,80373,37207,9173,2,0,2,0,3,62028,2,24040,8
CUST0382,43506,27900,0.51,11569,141215,1936,27765,126545,77658,50255,7382,0,0,0,0,3,50772,1,16256,2
CUST0383,10668,26515,0.35,144101,146653,91074,41662,89743,34840,5409,19915,0,2,2,1,1,52104,2,5905,5
CUST0384,30934,4716,0.56,22490,67443,43965,30761,86155,31007,42438,28105,1,1,1,0,2,73616,1,16539,6
CUST0385,12697,4414,0.36,45875,29424,77534,16698,120198,56947,7869,801,2,0,1,1,1,89300,2,16255,5
CUST0386,29417,18832,0.13,5867,88844,882,15123,89846,93220,56862,8234,2,0,2,0,3,6630,2,9884,3
CUST0387,21446,1570,0.32,80820,41984,20224,35144,30562,26393,25958,13897,0,1,0,0,2,98869,1,29906,4
CUST0388,45597,20288,0.11,99515,41505,30825,25616,28036,57480,76302,15197,0,0,2,0,2,15701,2,10143,7
CUST0389,15751,14288,0.88,9121,102478,70740,37146,74233,88290,19768,19733,2,2,1,1,4,14859,2,6950,4
CUST0390,12352,19889,0.87,1539,62699,28885,11182,83049,86335,26145,24389,1,2,0,0,4,21183,2,2360,9
CUST0391,18516,1917,0.42,148099,114012,40056,24833,68681,9107,75622,9969,0,1,2,1,0,40438,1,6127,2
CUST0392,28299,11066,0.68,127402,34758,3203,33342,27818,5993,26442,3201,2,2,0,1,4,97285,2,22946,5
CUST0393,36957,7982,0.38,74229,136668,60241,31331,62532,96341,25596,16733,2,0,0,0,2,97423,2,15252,8
CUST0394,33927,24811,0.64,139993,16374,2244,46098,57705,93650,75791,26143,1,0,1,1,4,42244,2,9730,5
CUST0395,46094,7336,0.74,50435,118686,98322,26128,20104,52066,42406,25705,1,0,0,0,0,74312,2,26395,8
CUST0396,41412,19062,0.86,141382,3775,68619,31556,124336,42942,40524,27535,0,0,2,1,3,15021,2,23161,8
CUST0397,34493,17999,0.42,63965,27388,21584,21969,127904,16138,23332,28363,0,1,0,0,4,69863,1,28738,9
CUST0398,31711,10941,0.73,111048,123800,8521,21876,69603,44527,15764,9972,0,2,0,1,2,55565,1,4925,6
CUST0399,13003,29401,0.31,96444,21029,50017,8949,102499,9190,27563,583,2,2,2,1,3,48043,2,9463,4
CUST0400,36707,24470,0.89,69922,83981,33541,24518,59025,92259,36370,12719,0,0,1,0,2,73150,2,25385,3
CUST0401,8278,13380,0.12,97799,53639,29063,5670,32317,78422,5062,3377,2,1,1,0,3,64361,1,18412,5
CUST0402,12296,28053,0.58,93948,114010,70268,24099,105585,55698,44645,22412,0,0,2,0,2,1245,2,29241,6
CUST0403,30398,22133,0.63,143314,145717,64952,39335,48270,82315,7244,24078,1,0,2,0,4,41011,2,23402,3
CUST0404,40842,20889,0.65,8947,31105,93054,12716,119415,93710,6372,22580,1,1,1,1,4,10355,2,2242,2
CUST0405,18261,12667,0.2,192888,144740,39563,38885,80206,29086,64471,23467,2,1,0,1,0,98841,2,26717,7
CUST0406,16173,5529,0.85,48785,147032,39752,7837,69468,17322,16956,14855,1,0,2,1,3,48692,2,9784,5
CUST0407,35449,18519,0.24,119963,126519,95233,49355,23723,83569,40473,3401,2,2,0,1,0,49004,2,24503,9
CUST0408,46080,13192,0.6,507,142429,2567,47299,60646,85610,13894,13636,2,0,2,0,1,29714,2,10797,3
CUST0409,6637,9566,0.28,198044,102739,16121,19159,74,3435,69586,19569,1,2,1,1,4,17198,2,21594,8
CUST0410,36781,8226,0.35,158223,51796,1674,41266,26498,53331,16709,26770,2,2,0,0,3,66951,1,7406,6
CUST0411,18652,6162,0.54,11618,15804,76411,36877,96881,28942,15210,21669,1,1,0,1,0,1652,1,20761,4
CUST0412,10103,17590,0.43,74286,127732,66275,21560,45929,59635,49510,15738,0,1,2,0,0,43625,2,14965,9
CUST0413,30500,22259,0.23,16122,145698,67081,17106,123199,29059,38674,25738,0,0,0,0,1,85982,2,14733,5
CUST0414,39800,2319,0.24,138426,7951,29140,46289,26028,57557,17733,6772,1,2,2,0,0,18740,2,21455,6
CUST0415,40529,2141,0.43,109598,137521,9327,8720,29545,52389,20080,24874,1,2,1,0,2,3810,2,29878,9
CUST0416,23452,5627,0.71,162051,19065,70663,37661,79569,53014,53412,19731,1,0,0,0,4,16569,1,29270,7
CUST0417,36174,24773,0.82,86436,101503,23331,49495,31673,32826,58971,10131,1,0,2,1,0,99855,1,27926,5
CUST0418,40436,15501,0.17,183846,105072,23004,28362,102511,30297,39709,788,0,0,0,0,0,79120,1,29783,2
CUST0419,20954,3690,0.41,136109,140202,10492,28258,93144,43890,59846,21329,2,1,2,1,1,26783,1,18824,4
CUST0420,22186,8323,0.18,28633,89360,54797,21782,64824,21322,65480,16184,2,0,2,1,2,99065,2,4626,2
CUST0421,17356,4255,0.11,24495,62287,58095,41168,23525,35739,52960,2889,0,0,2,0,0,78047,2,11074,3
CUST0422,37963,25665,0.63,64550,137126,13749,21120,57804,9719,41152,9569,2,2,1,1,4,9471,2,29287,3
CUST0423,7187,6213,0.58,36483,107357,63217,19790,146115,79553,27250,21657,0,0,0,1,4,6163,1,17568,4
CUST0424,16707,5108,0.23,113181,29670,89044,27912,41846,8314,48137,10141,2,2,1,1,0,63087,2,22380,6
CUST0425,40098,20404,0.29,34069,49112,9045,47374,77261,93831,46412,19656,1,2,2,0,2,62071,2,25796,3
CUST0426,31935,19241,0.12,138442,88388,20116,42907,29483,75164,43876,25453,1,1,2,0,4,16065,1,9031,1
CUST0427,26225,26380,0.77,119873,89156,18667,34812,7265,77028,73664,21618,1,0,1,0,4,83456,1,22947,1
CUST0428,8606,26520,0.88,116843,47922,75057,49570,22763,36113,50227,11934,0,0,1,0,2,48348,1,4188,9
CUST0429,37828,20173,0.21,71947,93348,74205,36160,15733,15357,32450,9769,0,2,0,1,2,19154,1,26669,9
CUST0430,31489,21259,0.29,170205,79335,27302,19156,112196,98865,73704,23286,2,1,2,1,0,20229,1,3945,5
CUST0431,19387,24989,0.79,95761,26312,11283,10672,91038,20365,6861,27715,2,1,1,1,3,52587,2,7765,9
CUST0432,8927,10802,0.84,113753,66985,30935,14444,37420,39029,61914,7612,2,0,2,1,1,49713,2,19858,7
CUST0433,11296,25519,0.44,131764,130744,72534,6784,140319,1737,63888,18876,0,2,2,1,3,26997,1,24171,9
CUST0434,35444,28499,0.14,28926,100963,94342,17929,21058,74632,79286,16205,2,0,0,1,3,21101,2,11807,7
CUST0435,7591,23439,0.13,99782,31551,31624,1070,34929,85474,61293,27331,1,0,0,0,4,40391,2,11204,9
CUST0436,49895,21266,0.56,104700,89813,13440,22906,86489,78218,68515,23129,2,0,0,1,2,75863,2,28066,2
CUST0437,31147,12413,0.41,73984,101025,46501,34618,84664,27499,23524,13934,1,0,1,1,4,72723,2,26176,8
CUST0438,43889,15995,0.12,174462,124342,87333,45158,77597,46157,7065,10095,0,2,2,1,1,95221,1,10352,7
CUST0439,6200,24559,0.57,49593,9637,1269,2939,6041,56247,37684,25958,1,1,1,0,0,59405,2,5599,6
CUST0440,20721,13583,0.11,75609,43258,7868,29841,78209,41034,33365,4240,1,0,1,1,1,34948,2,23658,5
CUST0441,24238,24513,0.73,5209,140896,30251,42863,99864,294,58876,18706,1,0,0,1,4,53031,2,5313,4
CUST0442,16087,6021,0.35,126700,129553,77909,16301,148620,98072,23704,10748,0,0,2,0,4,37921,1,28311,7
CUST0443,35816,22119,0.13,137605,26950,84523,7194,146150,24596,57857,5298,0,0,2,1,4,72571,2,3218,3
CUST0444,28408,19771,0.57,86597,127870,38729,5851,136491,98185,5622,1861,0,1,0,0,4,77007,1,14786,8
CUST0445,44740,7582,0.42,7211,215,15734,16378,115158,11434,79332,14142,0,1,2,0,3,28460,1,18536,2
CUST0446,5136,14455,0.88,9927,105603,42429,678,1468,58382,66201,23004,2,1,0,1,0,21071,1,1056,1
CUST0447,22413,26517,0.54,117333,11523,41337,30640,24309,38098,32694,26442,0,1,1,1,3,66118,1,26780,2
CUST0448,23978,14117,0.32,155666,68689,40325,33756,72255,4655,22995,20431,1,0,1,0,4,48282,2,13533,9
CUST0449,5661,23250,0.67,76382,23834,83600,29777,81899,83029,8419,23965,0,2,0,1,2,91725,1,1143,5
CUST0450,40240,19950,0.32,139005,34474,62514,26183,28718,46228,47952,7320,2,1,1,1,3,58445,1,8218,8
CUST0451,32253,18359,0.82,103780,43066,8433,27445,106553,3771,33837,11367,2,1,1,0,4,81067,1,9559,3
CUST0452,31884,24596,0.4,40696,10400,9111,1502,50281,74099,70799,17482,2,0,0,0,4,82208,1,27058,7
CUST0453,37854,26530,0.54,196521,125211,63753,21665,113451,56799,48877,5247,1,0,1,1,0,54816,1,23745,2
CUST0454,15704,2262,0.14,67616,10345,80583,16198,767,62257,45687,1734,0,0,2,0,1,85779,2,1615,8
CUST0455,43987,22431,0.44,137161,33896,73620,21411,134967,17558,37276,4663,0,0,1,1,3,3060,1,9062,7
CUST0456,29527,26519,0.77,187620,28899,21751,15867,58026,99468,34523,5909,0,2,0,1,3,13731,2,29214,5
CUST0457,21322,27778,0.74,157195,28229,16453,14266,118142,58436,66055,19800,1,2,2,1,3,77830,2,12520,4
CUST0458,11968,8382,0.28,138869,5583,85844,39422,42968,92103,54615,12818,1,1,2,1,4,20719,1,6977,1
CUST0459,32518,23615,0.28,50013,135969,38968,35208,146404,32376,10514,22686,2,2,1,0,0,47042,2,12419,5
CUST0460,32886,4327,0.75,139418,71537,30077,43002,145693,87458,47456,23977,2,1,2,1,4,49116,2,10780,9
CUST0461,6700,23014,0.84,164744,135639,34775,31213,76870,77924,7233,17064,0,1,0,0,4,26325,2,11681,4
CUST0462,33246,29850,0.18,148725,74807,58144,7367,18174,29332,1102,8163,1,2,2,1,2,22597,1,7984,9
CUST0463,40468,19643,0.46,49556,129648,48570,13490,124357,46737,66133,18454,1,1,1,1,0,67439,1,28579,2
CUST0464,28199,11020,0.37,123723,112652,46097,35362,99189,89031,46715,13358,0,0,1,0,3,14551,1,26274,4
CUST0465,49589,18641,0.8,26140,144401,24503,38285,40502,73970,6256,6668,0,1,2,1,1,93287,1,5971,9
CUST0466,37115,17848,0.17,1184,71792,2779,9219,36674,51952,64800,13016,2,0,0,0,3,24278,1,23165,4
CUST0467,10520,15062,0.27,165565,131300,86840,6310,37260,20991,41548,8001,2,2,0,0,4,91189,1,28399,5
CUST0468,49278,20678,0.7,175220,37052,755,36307,71805,27472,72090,9921,2,2,1,1,0,15141,1,1944,8
CUST0469,41455,7774,0.14,155918,46032,39263,29631,17194,59946,78200,2191,0,1,1,1,0,67913,2,29457,1
CUST0470,25929,16160,0.49,111361,33686,55087,14744,72377,26849,42367,8859,0,0,0,1,0,33615,2,10114,1
CUST0471,46605,24815,0.45,153267,76981,42281,19867,130864,1541,70382,26188,2,1,2,1,2,62751,1,8078,9
CUST0472,19955,2230,0.37,5606,98802,51482,18625,43723,2765,26205,23970,2,2,2,0,3,27452,2,19130,9
CUST0473,49049,28230,0.42,135028,133881,54857,6378,76298,43074,25570,8872,1,1,2,1,2,22725,1,13312,4
CUST0474,18917,10076,0.52,16555,42818,17400,19149,59238,29283,30255,25548,1,1,2,1,1,50391,1,28429,2
CUST0475,9757,4805,0.23,90385,100422,40115,42133,105433,769,21182,19230,2,0,0,1,4,75060,1,6783,9
CUST0476,18045,23803,0.56,149762,71927,14249,11422,107092,17806,39373,26708,2,2,1,1,2,11698,2,10751,4
CUST0477,46680,15715,0.74,58502,79465,46825,27926,2147,90518,43019,18847,1,1,1,1,2,86711,1,7907,6
CUST0478,9733,6750,0.71,179921,113221,24600,37679,38445,2972,62619,23221,2,0,2,0,4,77850,1,26659,1
CUST0479,35954,16627,0.22,157419,37333,37706,33171,106170,18256,16043,27105,1,1,0,1,0,2365,1,29114,9
CUST0480,36135,14232,0.22,103844,126457,19222,13180,133085,18653,45532,27079,1,0,0,0,4,97553,1,26009,5
CUST0481,12081,21240,0.31,91321,16576,99041,27301,85617,86669,65936,4922,1,0,2,1,3,97662,2,20310,3
CUST0482,46458,4135,0.39,49056,119875,41139,36931,53502,39339,19239,4392,0,1,2,1,4,43372,1,18473,4
CUST0483,28501,7953,0.43,194923,39405,41302,24014,117116,25757,10416,19567,0,2,2,1,0,44134,2,3957,1
CUST0484,26113,26500,0.64,98234,94000,94684,49239,37755,42399,3412,28609,2,2,1,0,4,37823,2,19996,9
CUST0485,39441,23418,0.15,41850,31601,87838,30936,139805,44013,24406,13541,1,0,2,1,2,71158,1,7047,8
CUST0486,29690,21973,0.13,27843,67946,68159,14336,9479,97605,1875,19551,0,2,1,0,1,96076,1,7249,4
CUST0487,48939,2546,0.41,62320,52116,8646,22200,75361,14706,37066,19381,2,0,0,0,2,1949,2,29767,2
CUST0488,34345,16457,0.66,29793,104186,13543,5470,124232,38231,5752,15015,2,2,0,1,1,49396,2,17347,9
CUST0489,49571,23449,0.25,170588,62894,94496,30859,105586,27909,78025,22905,2,1,1,0,4,31912,2,4759,4
CUST0490,31829,18478,0.61,148929,7465,22785,14953,81171,76631,1353,3227,2,2,1,1,3,56947,2,25102,9
CUST0491,40062,3411,0.31,19627,56754,78353,39044,114151,57572,26986,22948,2,0,1,1,4,97697,1,5263,3
CUST0492,8630,20001,0.81,61822,92850,31406,38507,86296,85879,14691,26728,1,0,1,0,0,44387,2,11281,7
CUST0493,36870,15113,0.82,183320,109765,88992,27433,140562,63767,69847,26304,2,2,2,1,4,63965,2,2902,7
CUST0494,49942,26338,0.34,55798,92691,51428,25957,137934,26469,48075,2024,1,1,0,1,1,16508,2,3567,4
CUST0495,8453,27899,0.28,175188,38871,23777,6523,69959,1313,10794,16713,0,0,2,0,2,45592,2,11190,2
CUST0496,42275,5145,0.43,75318,29511,57939,21387,141522,7847,68470,2486,2,0,1,0,3,1919,1,9075,9
CUST0497,48370,3775,0.29,104186,80960,53026,47761,56022,50222,16406,1155,0,0,2,0,4,42595,1,28690,4
CUST0498,43396,14193,0.64,87902,65776,86450,31169,61991,74702,75930,10082,1,0,2,0,4,9617,1,3994,8
CUST0499,13328,13851,0.76,159629,44462,29553,45641,49853,9930,26872,4477,1,0,0,0,2,75268,2,6229,2
CUST0500,20534,14070,0.64,71334,32574,23548,22990,31826,3285,41708,18569,0,1,2,0,3,33298,2,3010,8
